{"cameraMode":{"drawMode":0,"name":"Shaded","section":"Shading Mode"},"sceneLighting":true,"audioPlay":false,"sceneViewState":{"m_AlwaysRefresh":false,"showFog":true,"showSkybox":true,"showFlares":true,"showImageEffects":true,"showParticleSystems":true,"showVisualEffectGraphs":true,"m_FxEnabled":true},"in2DMode":false,"pivot":{"x":-2.6715645790100099,"y":1.2208327054977418,"z":1.0230822563171387},"rotation":{"x":-0.0172952339053154,"y":0.8972595930099487,"z":-0.03528913855552673,"w":-0.43975019454956057},"size":4.859450817108154,"orthographic":false}